{
    "accuracy": 0.918,
    "roc_auc": 0.7886888888888889,
    "precision": 0.8461538461538461,
    "recall": 0.22,
    "f1_score": 0.3492063492063492,
    "best_threshold": 0.26771917939186096,
    "best_f1": 0.3930635789368172,
    "confusion_matrix": [
        [
            896,
            4
        ],
        [
            78,
            22
        ]
    ],
    "feature_importance": {
        "TransactionAmt": 0.007900754921138287,
        "card1": 0.006634961813688278,
        "card2": 0.02068076655268669,
        "card3": 0.014603184536099434,
        "card5": 0.03615715727210045,
        "addr1": 0.0221960861235857,
        "addr2": 0.0,
        "C1": 0.02282131090760231,
        "C2": 0.0424504354596138,
        "C5": 0.05302385240793228,
        "C11": 0.026717612519860268,
        "C13": 0.015870455652475357,
        "C14": 0.04730881005525589,
        "D1": 0.007283969782292843,
        "D2": 0.009833451360464096,
        "V11": 0.006709895562380552,
        "V15": 0.0064623234793543816,
        "V29": 0.012333078309893608,
        "V35": 0.007434320170432329,
        "V45": 0.007559171877801418,
        "V53": 0.006012002006173134,
        "V62": 0.034600816667079926,
        "V75": 0.019951142370700836,
        "V87": 0.006156759802252054,
        "V94": 0.009195991791784763,
        "V100": 0.006123561877757311,
        "V200": 0.00899062305688858,
        "V300": 0.006837446242570877,
        "id_01": 0.052976854145526886,
        "id_02": 0.004375098738819361,
        "ProductCD": 0.018201421946287155,
        "card4": 0.00874779000878334,
        "card6": 0.08321224898099899,
        "P_emaildomain": 0.033652499318122864,
        "R_emaildomain": 0.020117081701755524,
        "M1": 0.05129348859190941,
        "M2": 0.039395615458488464,
        "M3": 0.026362406089901924,
        "M4": 0.012677352875471115,
        "id_12": 0.03054231032729149,
        "id_15": 0.020766856148838997,
        "id_31": 0.014831301756203175,
        "DeviceType": 0.10256974399089813,
        "DeviceInfo": 0.008428002707660198
    }
}